Cell_id,Cell_Latitude,Cell_Longitude,Venue_Id,Venue_Name,Venue_All_Categories,Venue_Latitude,Venue_Longitude,Venue_Location,Venue_Distance,Borough_Name,Venue_Category_Name,Venue_Category_Id
"55.5974014487817,37.524517980442816",55.5974014487817,37.524517980442816,51718c6ee4b08e116164687e,Фитнес-центр «Мореон»,"[('Gym / Fitness Center', '4bf58dd8d48988d175941735')]",55.597151633539845,37.52790469437889,"Аквапарк МОРЕОН (Голубинская ул., 16), 117574",214,Ясенево,Gym / Fitness Center,4bf58dd8d48988d175941735
"55.60256616217147,37.522726887188554",55.60256616217147,37.52272688718856,50a9fcd4e4b0702a836692cd,Физкультурно-оздоровительный комплекс Ясенево,"[('Gym', '4bf58dd8d48988d176941735')]",55.60476795210455,37.51977300335089,"Вильнюсская ул., 6, к. 2, 117574",307,Ясенево,Gym,4bf58dd8d48988d176941735
"55.60086174357737,37.53152247537872",55.60086174357737,37.531522475378715,4f71bfb8e4b04c3d16a11d52,"ГУП ""Час Спорта""","[('Gym', '4bf58dd8d48988d176941735')]",55.601782125273274,37.53621158326651,"ул. Паустовского, 4А, 117463",312,Ясенево,Gym,4bf58dd8d48988d176941735
"55.59745111671711,37.549110825857404",55.59745111671711,37.549110825857404,4feedb1ae4b0967097ea274e,Спортивная площадка,"[('Gym', '4bf58dd8d48988d176941735')]",55.59770600539632,37.549704804396974,усадьба Ясенево,46,Ясенево,Gym,4bf58dd8d48988d176941735
"55.58549514653428,37.6106403605226",55.58549514653428,37.6106403605226,4f0e00dee4b03544980e617b,Центр Физической Культуры И Спорта,"[('Gym', '4bf58dd8d48988d176941735')]",55.58786452086832,37.61287723093038,"Дорожная ул., 44",298,Чертаново Южное,Gym,4bf58dd8d48988d176941735
"55.58549514653428,37.6106403605226",55.58549514653428,37.6106403605226,4ed3b009f5b9832addfa8257,ФОК ул. Дорожная,"[('Gym', '4bf58dd8d48988d176941735')]",55.58781033498804,37.61295602000617,Россия,296,Чертаново Южное,Gym,4bf58dd8d48988d176941735
"55.590660141081145,37.60886162906513",55.590660141081145,37.60886162906513,516f841ae4b04eccd356cd72,fitcurves,"[('Gym / Fitness Center', '4bf58dd8d48988d175941735')]",55.59245497158322,37.61343502999778,Россия,350,Чертаново Южное,Gym / Fitness Center,4bf58dd8d48988d175941735
"55.58038908626796,37.66157203428298",55.58038908626796,37.661572034282976,58332a397ff1e43c193edd56,Alex Fitness,"[('Gym / Fitness Center', '4bf58dd8d48988d175941735')]",55.57872872493286,37.66538004993381,"Михневская,4",302,Бирюлёво Восточное,Gym / Fitness Center,4bf58dd8d48988d175941735
"55.61630265567984,37.50154463184656",55.616302655679846,37.50154463184656,510e4790e4b0809a89f627d6,Спортленд,"[('Gym', '4bf58dd8d48988d176941735')]",55.61597778916147,37.505851942567574,Россия,273,Ясенево,Gym,4bf58dd8d48988d176941735
"55.61459948090935,37.51034464477349",55.61459948090935,37.51034464477349,4d8a44fd1508a143bf1d211e,Спортлэнд,"[('Gym / Fitness Center', '4bf58dd8d48988d175941735')]",55.61474649402648,37.51404545424925,"Новоясеневский проспект, д. 3А, стр.1",233,Ясенево,Gym / Fitness Center,4bf58dd8d48988d175941735
"55.60948637404546,37.53673903083919",55.60948637404546,37.536739030839186,58a1ddeaa19e9063d2d95233,Encore Fitness,"[('Gym / Fitness Center', '4bf58dd8d48988d175941735')]",55.60907878677347,37.535668751366956,"Новоясеневский проезд, 9, 117588",81,Ясенево,Gym / Fitness Center,4bf58dd8d48988d175941735
"55.60948637404546,37.53673903083919",55.60948637404546,37.536739030839186,50a110c8e4b0ab1754e3471c,"Тренажерный зал ""Обыкновенное Чудо""","[('Gym', '4bf58dd8d48988d176941735')]",55.61026264704329,37.536388389529364,Россия,89,Ясенево,Gym,4bf58dd8d48988d176941735
"55.607780811395074,37.545535274650376",55.607780811395074,37.545535274650376,51256613e4b0b833e918356f,Body Rock,"[('Gym', '4bf58dd8d48988d176941735')]",55.6088742804224,37.54688336983752,Litovskiy Bulevar 15/1,148,Ясенево,Gym,4bf58dd8d48988d176941735
"55.60095259622315,37.58071082040804",55.600952596223145,37.58071082040804,512d00e3e4b06556ba2ad473,ParisLife,"[('Gym / Fitness Center', '4bf58dd8d48988d175941735')]",55.59885749087935,37.58426833947328,"Чертановская, 30/7",323,Чертаново Южное,Gym / Fitness Center,4bf58dd8d48988d175941735
"55.59753491194768,37.598292932923954",55.597534911947676,37.598292932923954,54df4b72498e81ce00aee0a2,Paris Life,"[('Gym / Fitness Center', '4bf58dd8d48988d175941735')]",55.6006392468544,37.59864749627295,"ул. Кировоградская, д. 23а",346,Чертаново Южное,Gym / Fitness Center,4bf58dd8d48988d175941735
"55.60611760065182,37.578927633298406",55.606117600651814,37.578927633298406,4f4b8532e4b0bd57acefa01d,"ФОК ""Красный Маяк"" МГФСО","[('Gym', '4bf58dd8d48988d176941735')]",55.606378694710905,37.58108983608283,"Ул. Красного Маяка, д.28, к.1",139,Чертаново Центральное,Gym,4bf58dd8d48988d176941735
"55.602699963950286,37.596512284115605",55.60269996395029,37.59651228411561,5194fb96498ec41a4d1b450d,Fitsolution,"[('Gym', '4bf58dd8d48988d176941735')]",55.60080020426318,37.59879880657881,"Кировоградская ул., 23а",255,Чертаново Южное,Gym,4bf58dd8d48988d176941735
"55.600990251722855,37.605303193412134",55.60099025172286,37.605303193412134,4dcf810e52b1f8915bb24795,Учебно-спортивный центр,"[('Gym / Fitness Center', '4bf58dd8d48988d175941735')]",55.602173072472866,37.60346144644998,"Кировоградская ул., 21, корп. 1, 117519",175,Чертаново Южное,Gym / Fitness Center,4bf58dd8d48988d175941735
"55.600990251722855,37.605303193412134",55.60099025172286,37.605303193412134,5569beda498eb57d388a9e04,Inferno Fitness,"[('Gym', '4bf58dd8d48988d176941735')]",55.600865969514295,37.60919385248664,"Россошанский проезд,5",245,Чертаново Южное,Gym,4bf58dd8d48988d176941735
"55.58900559413235,37.66681310668298",55.589005594132345,37.66681310668298,4e2ea0e852b111a1e37acf86,"Спортзал ""Гвардеец""","[('Gym / Fitness Center', '4bf58dd8d48988d175941735')]",55.59027877372675,37.67023420777528,"ул. Ряжская, 13 стр. 1",257,Бирюлёво Восточное,Gym / Fitness Center,4bf58dd8d48988d175941735
"55.587291120238895,37.675596456050144",55.587291120238895,37.67559645605015,4cf3c87a6195721e90b74ec1,СДЮСШОР №47 ФОК «Южный»,"[('Gym / Fitness Center', '4bf58dd8d48988d175941735')]",55.58563386557528,37.674050331115716,"Лебедянская ул., 18, 115372",208,Бирюлёво Восточное,Gym / Fitness Center,4bf58dd8d48988d175941735
"55.63173804862858,37.47154173855907",55.63173804862858,37.47154173855907,5400319c498e1c9ace6278a5,Come On Gym,"[('Gym / Fitness Center', '4bf58dd8d48988d175941735')]",55.63034682877882,37.473862362527385,"ул. Академика Варги, 8, корп. 1",212,Тёплый Стан,Gym / Fitness Center,4bf58dd8d48988d175941735
"55.611282645401076,37.57714412034551",55.611282645401076,37.57714412034551,541732f5498edbe9415e7b38,Фитнес Парк,"[('Gym', '4bf58dd8d48988d176941735')]",55.611307411045644,37.57642271778987,Улица Красного Маяка 22 к 5,45,Чертаново Центральное,Gym,4bf58dd8d48988d176941735
"55.607865056380774,37.59473131031799",55.607865056380774,37.594731310318,4ee34c1ee30005f8b6b67ab0,Империя Фитнеса,"[('Gym', '4bf58dd8d48988d176941735')]",55.607609824390366,37.592599155272545,"ул. Чертановская, 45а к1",137,Чертаново Центральное,Gym,4bf58dd8d48988d176941735
"55.604445083304526,37.61231472279087",55.604445083304526,37.61231472279086,557c967b498efae71583da06,Фитнес клуб Инферно,"[('Gym', '4bf58dd8d48988d176941735')]",55.60482882250793,37.61132637387708,"Россошанский проезд, 3 (Дорожный 3-й проезд)",75,Чертаново Южное,Gym,4bf58dd8d48988d176941735
"55.60961026335008,37.61053596287582",55.60961026335008,37.61053596287582,582ae225b148847dad257dd8,Raketa Fitness,"[('Gym / Fitness Center', '4bf58dd8d48988d175941735')]",55.61072269298985,37.60806877915977,"ТРЦ «Columbus» (ул. Красного Маяка, 2Б), 117519",198,Чертаново Центральное,Gym / Fitness Center,4bf58dd8d48988d175941735
"55.607899406544256,37.61932752125005",55.607899406544256,37.61932752125005,4ea6d52ee5fa0cc4c3d023b7,Территория фитнеса,"[('Gym / Fitness Center', '4bf58dd8d48988d175941735')]",55.60830586836813,37.61610656303756,"ул. Подольских Курсантов, 10",207,Чертаново Южное,Gym / Fitness Center,4bf58dd8d48988d175941735
"55.640366380894115,37.476751138123376",55.640366380894115,37.476751138123376,4f563d90e4b0d0433036094b,"Спорт Клуб ""Спутник""","[('Gym / Fitness Center', '4bf58dd8d48988d175941735')]",55.641967636612385,37.478111771675536,"Ленинский Проспект, д. 135, к. 2, 117513",197,Тёплый Стан,Gym / Fitness Center,4bf58dd8d48988d175941735
"55.6318510127373,37.52077664250498",55.63185101273729,37.52077664250498,4db3510643a1369cb5a113e7,Sparta,"[('Gym', '4bf58dd8d48988d176941735')]",55.631486054578104,37.52354505614401,"ул. Островитянова, 34, корп. 1, стр. 1",178,Коньково,Gym,4bf58dd8d48988d176941735
"55.6318510127373,37.52077664250498",55.63185101273729,37.52077664250498,4ec91ee693ad41338ec30251,Brutal Gym,"[('Gym', '4bf58dd8d48988d176941735')]",55.63176075931585,37.5240710824324,"Островитянова, 32, стр. 1",207,Коньково,Gym,4bf58dd8d48988d176941735
"55.61990440733587,37.58237272389992",55.619904407335866,37.58237272389992,4e807725b634c59a4b5b23b5,Теннисный Корт На Территории Школы № 25,"[('Gym', '4bf58dd8d48988d176941735')]",55.61764851982481,37.58499288798411,"Университетский, 7",300,Чертаново Центральное,Gym,4bf58dd8d48988d176941735
"55.61990440733587,37.58237272389992",55.619904407335866,37.58237272389992,4f5ef249e4b0912b83b188aa,Спортзал,"[('Gym', '4bf58dd8d48988d176941735')]",55.61769040028743,37.58567287559175,"Школа № 556 (Днепропетровская ул., 33а)",322,Чертаново Центральное,Gym,4bf58dd8d48988d176941735
"55.614775483889225,37.60875687844548",55.61477548388922,37.608756878445476,4de65edf7d8b53987c5f0e8a,Force Factory,"[('Gym / Fitness Center', '4bf58dd8d48988d175941735')]",55.612641834309606,37.61209872414185,"Варшавское ш., 129, корп. 2",317,Чертаново Центральное,Gym / Fitness Center,4bf58dd8d48988d175941735
"55.61306465052326,37.61754970642217",55.61306465052326,37.617549706422174,512def10e4b0011fa085b9c3,Спортзал МТС,"[('Gym / Fitness Center', '4bf58dd8d48988d175941735')]",55.61530681899164,37.61712469120839,"1-й Дорожный пр-д, 3а",251,Чертаново Центральное,Gym / Fitness Center,4bf58dd8d48988d175941735
"55.635311189118596,37.5277880641252",55.6353111891186,37.527788064125204,54468f86498e01e636407689,Energym Fitness Studio,"[('Gym', '4bf58dd8d48988d176941735')]",55.63535700723018,37.52653628813746,Профсоюзная 103,78,Коньково,Gym,4bf58dd8d48988d176941735
"55.623360576032034,37.5893864370871",55.62336057603203,37.5893864370871,4f81aea2e4b04cf789fc0269,Soul Rhyme - Bboying,"[('Gym', '4bf58dd8d48988d176941735')]",55.62084716841008,37.58953245073776,Россия,279,Чертаново Центральное,Gym,4bf58dd8d48988d176941735
"55.59765376991052,37.72122692799895",55.59765376991053,37.721226927998956,4edcf116d3e346be37564e70,Фитнес Клуб Вымпел,"[('Gym / Fitness Center', '4bf58dd8d48988d175941735')]",55.59658991007165,37.72289678619024,"Каширское ш., 144, корп. 2",158,Орехово-Борисово Южное,Gym / Fitness Center,4bf58dd8d48988d175941735
"55.650696202878876,37.473153830812315",55.65069620287888,37.47315383081232,56f11557498edb0c042fb1fe,Wellness Slim Park,"[('Gym / Fitness Center', '4bf58dd8d48988d175941735')]",55.648577373429305,37.46932922391121,Академика Анохина 60,336,Тропарёво-Никулино,Gym / Fitness Center,4bf58dd8d48988d175941735
"55.648994376487416,37.481963364755806",55.648994376487416,37.48196336475581,4f2080ade4b0a02157467e48,СССР,"[('Gym / Fitness Center', '4bf58dd8d48988d175941735')]",55.65065754052618,37.482700899328506,"Ленинский просп., 158",190,Тропарёво-Никулино,Gym / Fitness Center,4bf58dd8d48988d175941735
"55.648994376487416,37.481963364755806",55.648994376487416,37.48196336475581,4d7f7df6dd4a6ea879887b25,Фитнес Клуб Спорт-лэнд,"[('Gym', '4bf58dd8d48988d176941735')]",55.65148098059237,37.48389287805673,Гостиница Салют,302,Тропарёво-Никулино,Gym,4bf58dd8d48988d176941735
"55.64388530776269,37.508386307691666",55.64388530776269,37.50838630769167,4e76ec6f1f6e072f145299f6,Fitness Time,"[('Gym / Fitness Center', '4bf58dd8d48988d175941735')]",55.64353058053568,37.51178030550722,город Москва,216,Коньково,Gym / Fitness Center,4bf58dd8d48988d175941735
"55.64388530776269,37.508386307691666",55.64388530776269,37.50838630769167,4cec2053595cb1f740f3dc14,Союз Спорт,"[('Gym / Fitness Center', '4bf58dd8d48988d175941735')]",55.64254378175244,37.506134515777866,"ул., Академика Волгина, 33А, город Москва",205,Коньково,Gym / Fitness Center,4bf58dd8d48988d175941735
"55.64388530776269,37.508386307691666",55.64388530776269,37.50838630769167,4e5bde80d4c0ba8c11bd71eb,Фитнес Тайм,"[('Gym / Fitness Center', '4bf58dd8d48988d175941735')]",55.643438837333015,37.51110868108385,"Арцимовича, 8",178,Коньково,Gym / Fitness Center,4bf58dd8d48988d175941735
"55.64047627212097,37.52599688530939",55.64047627212097,37.52599688530939,5ae35f34916bc1002c82b1b5,Gym-Gym,"[('Gym', '4bf58dd8d48988d176941735')]",55.64174242685663,37.52462300086192,117279,165,Коньково,Gym,4bf58dd8d48988d176941735
"55.64047627212097,37.52599688530939",55.64047627212097,37.52599688530939,4ec3d7b6f5b9f024dff367b0,Спортклуб Гигант,"[('Gym', '4bf58dd8d48988d176941735')]",55.642523514374936,37.528076157244,"Миклухо-маклая Д.55, город Москва",262,Коньково,Gym,4bf58dd8d48988d176941735
"55.64047627212097,37.52599688530939",55.64047627212097,37.52599688530939,50eb81c7e4b03aa7e28d02fd,Силовой тренинг в Хрустальном,"[('Gym', '4bf58dd8d48988d176941735')]",55.63783146987203,37.52440452575684,ул. Профсоюзная 97 корп.1,310,Коньково,Gym,4bf58dd8d48988d176941735
"55.63877085779269,37.53480075823923",55.63877085779269,37.53480075823923,55d776ce498e0297e233364b,Rocky Boxing Club,"[('Gym / Fitness Center', '4bf58dd8d48988d175941735')]",55.63920996368768,37.531985758709155,Миклухо-маклая 34,183,Коньково,Gym / Fitness Center,4bf58dd8d48988d175941735
"55.60453729663879,37.71067968611796",55.60453729663878,37.710679686117956,4ef5cb0e6da1f7b65fa5dab2,Европа Фитнес,"[('Gym / Fitness Center', '4bf58dd8d48988d175941735')]",55.60523539509568,37.712616077059046,"Домодедовская ул., 28",144,Орехово-Борисово Южное,Gym / Fitness Center,4bf58dd8d48988d175941735
"55.60110084131362,37.728246748429",55.60110084131362,37.728246748429,4de5043b7d8b2547eb4008e6,Фитнес Профи,"[('Gym / Fitness Center', '4bf58dd8d48988d175941735')]",55.598571611000565,37.72695322422652,На терр. 16 автобусного парка. Каширское шоссе,293,Орехово-Борисово Южное,Gym / Fitness Center,4bf58dd8d48988d175941735
"55.655861173315465,37.47135467998624",55.65586117331546,37.47135467998624,502d108ee4b0b025935f5df2,Point Fitness,"[('Gym / Fitness Center', '4bf58dd8d48988d175941735')]",55.65538218290388,37.474252199055314,"Пр. Вернадского, 92 (ЖК Корона)",189,Тропарёво-Никулино,Gym / Fitness Center,4bf58dd8d48988d175941735
"55.65415937270706,37.4801654883651",55.65415937270706,37.4801654883651,4f9e7c5de4b03d83ee33039e,Alex Fitness,"[('Gym / Fitness Center', '4bf58dd8d48988d175941735')]",55.654824561987546,37.48511359630761,"ул. 26 Бакинских Комиссаров, 7, корп. 6",319,Тропарёво-Никулино,Gym / Fitness Center,4bf58dd8d48988d175941735
"55.645641395070534,37.52420537755476",55.645641395070534,37.52420537755476,5319c79a498e100c15d21ead,Body Ideal,"[('Gym / Fitness Center', '4bf58dd8d48988d175941735')]",55.646065819599244,37.520893329584105,Миклухо-Маклая 37,213,Коньково,Gym / Fitness Center,4bf58dd8d48988d175941735
"55.645641395070534,37.52420537755476",55.645641395070534,37.52420537755476,4e9941227ee571e1ee831ff3,Балет,"[('Gym / Fitness Center', '4bf58dd8d48988d175941735')]",55.647522077792395,37.52860358361527,"Профсюзная, 96",346,Коньково,Gym / Fitness Center,4bf58dd8d48988d175941735
"55.61999787036246,37.65618331647582",55.61999787036246,37.65618331647582,50a2e07ae4b0cc03702d878c,Подвал,"[('Gym', '4bf58dd8d48988d176941735')]",55.62179203729214,37.657472271190535,Севанская,215,Царицыно,Gym,4bf58dd8d48988d176941735
"55.611420226090964,37.70012864043968",55.611420226090964,37.70012864043968,4e9883f42c5b827059eec59a,Фитнес-клуб Фитпрана,"[('Gym', '4bf58dd8d48988d176941735')]",55.61063641823318,37.69947408730543,"Шипиловский проезд 43 корп.5, город Москва",96,Орехово-Борисово Северное,Gym,4bf58dd8d48988d176941735
"55.60454740288581,37.73526783631366",55.60454740288581,37.73526783631366,5248f9a811d200b0046b73e9,СпортЛэнд,"[('Gym', '4bf58dd8d48988d176941735')]",55.60407479241054,37.73576653690079,"Ясеневая ул., 26 (Елецкая ул.), 115583",61,Орехово-Борисово Южное,Gym,4bf58dd8d48988d176941735
"55.60454740288581,37.73526783631366",55.60454740288581,37.73526783631366,521af30e11d27fbcf2b1ae85,Sportland,"[('Gym', '4bf58dd8d48988d176941735')]",55.60420454017692,37.73554653325686,"Ясеневая ул., 26",41,Орехово-Борисово Южное,Gym,4bf58dd8d48988d176941735
"55.66102618335352,37.46955519745537",55.66102618335352,37.46955519745537,4f6602a2e4b03c270b363134,"ФОК ""Семья""","[('Gym', '4bf58dd8d48988d176941735')]",55.66326131211081,37.4704953994396,"ул. Покрышкина, 3, корп. 3, 119602",255,Тропарёво-Никулино,Gym,4bf58dd8d48988d176941735
"55.6559190632439,37.495988616515326",55.65591906324389,37.495988616515326,4bd8749835aad13a99eb90f3,Фитнес-мания,"[('Gym / Fitness Center', '4bf58dd8d48988d175941735')]",55.65778675157161,37.49839782714843,"Ленинский просп., 146, 119526",257,Тропарёво-Никулино,Gym / Fitness Center,4bf58dd8d48988d175941735
"55.60971312476687,37.733506496605294",55.60971312476686,37.733506496605294,4e7c67478998832e2f5fd1d7,ФОК «Русь»,"[('Gym / Fitness Center', '4bf58dd8d48988d175941735')]",55.60767223108356,37.73638276800235,"Елецкая улица, 17/3",290,Орехово-Борисово Южное,Gym / Fitness Center,4bf58dd8d48988d175941735
"55.60627318995396,37.75107293787352",55.60627318995396,37.75107293787352,4f3424a6e4b04ffdc5bfec03,SportLand (СпортЛэнд),"[('Gym / Fitness Center', '4bf58dd8d48988d175941735')]",55.60834382387978,37.75514718663437,"Гурьевский пр., 25, корп. 1, 115597",344,Орехово-Борисово Южное,Gym / Fitness Center,4bf58dd8d48988d175941735
"55.67129288538263,37.441309646979875",55.671292885382634,37.44130964697988,4ffce45de4b0184d35962ef0,Reebok Crossfit Stolitsa,"[('Gym', '4bf58dd8d48988d176941735')]",55.67102223979558,37.43905221700066,Москва,144,Очаково-Матвеевское,Gym,4bf58dd8d48988d176941735
"55.66619123297209,37.46775538302627",55.666191232972096,37.46775538302627,4e2af3f218a80bb05853469d,Атланта,"[('Gym / Fitness Center', '4bf58dd8d48988d175941735')]",55.66526579314337,37.47025052608972,"ул. Покрышкина, 8с1, 119602",187,Тропарёво-Никулино,Gym / Fitness Center,4bf58dd8d48988d175941735
"55.6627871364195,37.48538115637256",55.662787136419496,37.48538115637256,59c4f9cea5a315336ab7f43f,Spirit Fitness,"[('Gym / Fitness Center', '4bf58dd8d48988d175941735')]",55.66281954845519,37.481496930131264,"ТРЦ Avenue SouthWest, 119571",243,Тропарёво-Никулино,Gym / Fitness Center,4bf58dd8d48988d175941735
"55.65426642128892,37.52942906773122",55.654266421288916,37.529429067731215,4d31dafd9c2d59415e5936d8,Фитнес-центр «Остров»,"[('Gym / Fitness Center', '4bf58dd8d48988d175941735')]",55.65620585578078,37.52744997793665,"ул. Обручева, 30",249,Коньково,Gym / Fitness Center,4bf58dd8d48988d175941735
"55.64060219326377,37.59985658190986",55.64060219326377,37.59985658190986,5a4be08e09e283441f033166,Spirit Fitness,"[('Gym / Fitness Center', '4bf58dd8d48988d175941735')]",55.64205548267461,37.603688856130255,"16А Балаклавский проспект (Чертановская ул.), 117452",290,Зюзино,Gym / Fitness Center,4bf58dd8d48988d175941735
"55.62861466248429,37.661430973317046",55.628614662484296,37.661430973317046,55f859e4498ea52d31452a5f,Dorfit,"[('Gym / Fitness Center', '4bf58dd8d48988d175941735')]",55.62897636976233,37.659111055235094,"Кавказский бульвар, 26",151,Царицыно,Gym / Fitness Center,4bf58dd8d48988d175941735
"55.618316401617975,37.71417206347344",55.618316401617975,37.71417206347344,5b1c14862aff3100399cbd46,World Class,"[('Gym / Fitness Center', '4bf58dd8d48988d175941735')]",55.62124772445834,37.71330893896037,"Каширское шоссе, д.61 cтр.2, 115563",330,Орехово-Борисово Северное,Gym / Fitness Center,4bf58dd8d48988d175941735
"55.618316401617975,37.71417206347344",55.618316401617975,37.71417206347344,5896d4a9af5c1416e00c1942,Aqua Юна Life,"[('Gym / Fitness Center', '4bf58dd8d48988d175941735')]",55.616634039302255,37.71579883163263,"Каширское шоссе д.61 корп. 3а, 115563",213,Орехово-Борисово Северное,Gym / Fitness Center,4bf58dd8d48988d175941735
"55.669654599216415,37.47476987076625",55.66965459921642,37.47476987076625,527f4f2011d214914cda1e8b,"Спортивный Центр ""I-JUMP""","[('Gym / Fitness Center', '4bf58dd8d48988d175941735')]",55.667636655404785,37.47403958243042,"Ул. Академика Анохина, д.8, кор.1",229,Тропарёво-Никулино,Gym / Fitness Center,4bf58dd8d48988d175941735
"55.667952277343375,37.48358356106255",55.667952277343375,37.483583561062545,4f1ae0dde4b0889e04abcf1b,World Class,"[('Gym / Fitness Center', '4bf58dd8d48988d175941735')]",55.665873956710406,37.486649751663215,"проспект Вернадского, д.101, корп. 3, 119526",300,Тропарёво-Никулино,Gym / Fitness Center,4bf58dd8d48988d175941735
"55.64576765632934,37.5980755463935",55.64576765632935,37.5980755463935,4d60ec63e4fe54811bfe859e,Кимберли,"[('Gym / Fitness Center', '4bf58dd8d48988d175941735')]",55.646669134299536,37.59710920562559,"Азовская ул., 24 (Черноморский бул.), 117303",117,Зюзино,Gym / Fitness Center,4bf58dd8d48988d175941735
"55.64576765632934,37.5980755463935",55.64576765632935,37.5980755463935,5a44ccf93149b94955cbf7d6,Фитнес Амазония,"[('Gym / Fitness Center', '4bf58dd8d48988d175941735')]",55.64785601680104,37.59608600923585,"улица Азовская, 24, Корп. 3, 117452",263,Зюзино,Gym / Fitness Center,4bf58dd8d48988d175941735
"55.633780288828824,37.65965883798621",55.633780288828824,37.659658837986214,52a42e3011d2fde0e7c8fd9a,L'Atletica,"[('Gym / Fitness Center', '4bf58dd8d48988d175941735')]",55.63376821718997,37.65759766388232,"Пролетарский просп., 20, 115477",129,Царицыно,Gym / Fitness Center,4bf58dd8d48988d175941735
"55.63206542317103,37.66845266064884",55.632065423171035,37.66845266064884,4e8dbf1093adeeb4cdb89974,Вымпел,"[('Gym', '4bf58dd8d48988d176941735')]",55.62999439365372,37.66754720150436,"Кавказский бул., 25",237,Царицыно,Gym,4bf58dd8d48988d176941735
"55.623482162254504,37.71240754757171",55.6234821622545,37.712407547571715,4c32090aa0ced13af170146e,Alfa Fitness (Альфа Фитнес),"[('Gym / Fitness Center', '4bf58dd8d48988d175941735')]",55.62462735773502,37.70983143942638,"Каширское ш., 80 (ул. Маршала Захарова)",206,Орехово-Борисово Северное,Gym / Fitness Center,4bf58dd8d48988d175941735
"55.61832506490661,37.73876909182543",55.61832506490661,37.738769091825425,4d578fb3afe4b60c895d4661,Спортлэнд,"[('Gym', '4bf58dd8d48988d176941735')]",55.61848953961513,37.734926497934325,"Ореховый пр-д., 35, корп. 2, 115573",242,Зябликово,Gym,4bf58dd8d48988d176941735
"55.61660484320867,37.7475543741317",55.61660484320868,37.7475543741317,531ab94d498e7d9468cf7322,Force Factory,"[('Gym / Fitness Center', '4bf58dd8d48988d175941735')]",55.6157088476231,37.7457093541956,"ул. Мусы Джалиля, 31, корп. 1",152,Зябликово,Gym / Fitness Center,4bf58dd8d48988d175941735
"55.67992304689085,37.44652010504329",55.67992304689085,37.446520105043284,53fdb6e6498ea15f71f2045f,Элис Фитнес,"[('Gym / Fitness Center', '4bf58dd8d48988d175941735')]",55.679643810681355,37.44738598343919,119361,62,Очаково-Матвеевское,Gym / Fitness Center,4bf58dd8d48988d175941735
"55.674819753933065,37.47297066811317",55.67481975393306,37.47297066811317,4eba1a2d5c5c0e067d328300,Олимпиец,"[('Gym', '4bf58dd8d48988d176941735')]",55.67503151035612,37.47673164830116,"ул. Коштоянца, 20",237,Тропарёво-Никулино,Gym,4bf58dd8d48988d176941735
"55.65264323050207,37.58749151096768",55.65264323050207,37.58749151096768,58ea8d77d4390771f079f0bd,Baza Fitness Club,"[('Gym / Fitness Center', '4bf58dd8d48988d175941735')]",55.654206997321864,37.59114917891619,"Малая Юшуньская 3, 117303",288,Зюзино,Gym / Fitness Center,4bf58dd8d48988d175941735
"55.65093315974343,37.59629418502939",55.65093315974343,37.59629418502939,4e149552ae60fe00dfe0731b,K-Gym,"[('Gym / Fitness Center', '4bf58dd8d48988d175941735')]",55.65360275305501,37.593589808878065,"Малая Юшуньская, д.1, корп.2, 117303, город Москва",342,Зюзино,Gym / Fitness Center,4bf58dd8d48988d175941735
"55.62177073172884,37.745794614491516",55.62177073172884,37.74579461449152,501f7846e4b047a4fb170f6f,Olimpic Fitness / БК Спарта,"[('Gym / Fitness Center', '4bf58dd8d48988d175941735')]",55.62133214822716,37.74562678322544,"Шипиловская ул., 58/1, 115580",49,Зябликово,Gym / Fitness Center,4bf58dd8d48988d175941735
"55.62693666148362,37.744034536088655",55.62693666148362,37.744034536088655,4cd117d53e63721ed2c8a1cc,Адреналин,"[('Gym', '4bf58dd8d48988d176941735')]",55.62924540951617,37.74162315006182,"ул. Мусы Джалиля, 4А",298,Зябликово,Gym,4bf58dd8d48988d176941735
"55.65955366753904,37.601534757645624",55.65955366753904,37.60153475764562,4f2e4c5de4b040ea0022a342,"Фитнес ""Феромон""","[('Gym / Fitness Center', '4bf58dd8d48988d175941735')]",55.65957020138985,37.60405352782778,"Азовская ул., 18",158,Зюзино,Gym / Fitness Center,4bf58dd8d48988d175941735
"55.63897969033916,37.70711207740858",55.638979690339156,37.707112077408574,4fced950e4b0191229d8462b,Open Air Gym At Mar'insky Park,"[('Gym', '4bf58dd8d48988d176941735')]",55.64182876879265,37.70540393194798,Россия,334,Марьино,Gym,4bf58dd8d48988d176941735
"55.71593860474799,37.38453498108312",55.71593860474799,37.384534981083114,532d7c8b498e16982501a928,Фитнесс клуб С.С.С.Р,"[('Gym', '4bf58dd8d48988d176941735')]",55.71614204015617,37.38425504678004,"Можайское шоссе, Стр.166Б",28,Можайский,Gym,4bf58dd8d48988d176941735
"55.64760079243966,37.7369910310982",55.647600792439654,37.736991031098206,4d1cc975aff260fc77bc2934,Miss Fitness,"[('Gym / Fitness Center', '4bf58dd8d48988d175941735')]",55.64606388856174,37.7376315200105,"Новочеркасский бул., 44, 109144",175,Марьино,Gym / Fitness Center,4bf58dd8d48988d175941735
"55.64415882295123,37.75457397975025",55.64415882295123,37.754573979750255,4cdd7fd16ad1a093c2d7f756,Олимп,"[('Gym / Fitness Center', '4bf58dd8d48988d175941735')]",55.64635874972982,37.753548601259546,"Луговой пр-д, 12",253,Марьино,Gym / Fitness Center,4bf58dd8d48988d175941735
"55.70921399197945,37.44452037420791",55.70921399197945,37.444520374207904,59089409c9f90767e748c3f9,СССР Фитнес Верейская Premium,"[('Gym / Fitness Center', '4bf58dd8d48988d175941735')]",55.70953123265296,37.44222453852628,"Верейская, д.29 стр 134, 121357",148,Можайский,Gym / Fitness Center,4bf58dd8d48988d175941735
"55.70581151250507,37.46216847237514",55.70581151250507,37.46216847237514,556ac9fc498e03302e2fc212,Strong,"[('Gym / Fitness Center', '4bf58dd8d48988d175941735')]",55.706844502066794,37.467160380365684,"Нежинская ул., 17, корп. 2",333,Очаково-Матвеевское,Gym / Fitness Center,4bf58dd8d48988d175941735
"55.65276692806055,37.73522935606685",55.65276692806055,37.73522935606685,4e82b35677c8a556c7256f77,Maxima Fitnes,"[('Gym', '4bf58dd8d48988d176941735')]",55.6531004870705,37.73850732240607,"ул. Перерва, 50, корп. 1",209,Марьино,Gym,4bf58dd8d48988d176941735
"55.6510462625327,37.744022577244486",55.6510462625327,37.74402257724449,4e477763a809fb2fa3f9d686,Alex Fitness,"[('Gym / Fitness Center', '4bf58dd8d48988d175941735')]",55.64914255840618,37.745053530842405,"Люблинская ул., 169, корп. 2",221,Марьино,Gym / Fitness Center,4bf58dd8d48988d175941735
"55.72287492716327,37.39857310045135",55.722874927163275,37.39857310045135,4cdfb7ebf8a4a143135be0bc,Зебра,"[('Gym / Fitness Center', '4bf58dd8d48988d175941735')]",55.72147051250649,37.40280253631305,"ул. Толбухина, 10, корп. 3, 121354",307,Можайский,Gym / Fitness Center,4bf58dd8d48988d175941735
"55.71947850681885,37.416233208938735",55.719478506818845,37.416233208938735,5328946b498e016da754f548,Fit-Studio,"[('Gym', '4bf58dd8d48988d176941735')]",55.72115549681671,37.415942295744784,"Улица Гришина, дом 5, 121354",187,Можайский,Gym,4bf58dd8d48988d176941735
"55.71947850681885,37.416233208938735",55.719478506818845,37.416233208938735,4ddbe7a7b0fb2604df743b85,Империя фитнеса,"[('Gym', '4bf58dd8d48988d176941735')]",55.72130834029557,37.41893887920807,Гришина,265,Можайский,Gym,4bf58dd8d48988d176941735
"55.7160796831038,37.43388953789787",55.7160796831038,37.43388953789787,506f10d2e4b0e15bc4022cb2,Спорт Спорт Спорт,"[('Gym', '4bf58dd8d48988d176941735')]",55.71784975963261,37.434500475157684,Россия,200,Можайский,Gym,4bf58dd8d48988d176941735
"55.671676803467115,37.66307717091969",55.67167680346712,37.663077170919685,4e53586baeb74b745815956f,Фитнес ТАЙМ,"[('Gym', '4bf58dd8d48988d176941735')]",55.67310056167363,37.66414497661489,"Проспект Андропова, 37",172,Нагатинский Затон,Gym,4bf58dd8d48988d176941735
"55.65621246098447,37.7422618538556",55.65621246098447,37.7422618538556,5be01a7c2b9844002c6e2310,СпортЛэнд,"[('Gym / Fitness Center', '4bf58dd8d48988d175941735')]",55.65883,37.741654,"Люблинская ул., 153, 109382",293,Марьино,Gym / Fitness Center,4bf58dd8d48988d175941735
"55.65104695780418,37.768639619371314",55.65104695780418,37.768639619371314,588601a56d349d4a5efef6fa,Raketa Mari,"[('Gym / Fitness Center', '4bf58dd8d48988d175941735')]",55.64930890007224,37.77008436472853,"Поречная ул. 10, 109469",213,Марьино,Gym / Fitness Center,4bf58dd8d48988d175941735
"55.65104695780418,37.768639619371314",55.65104695780418,37.768639619371314,4c59a5276407d13a91b2b228,X-Fit,"[('Gym / Fitness Center', '4bf58dd8d48988d175941735')]",55.65223833896886,37.76729179279766,"Братиславская ул., 30",157,Марьино,Gym / Fitness Center,4bf58dd8d48988d175941735
"55.724643843882454,37.4144249440997",55.724643843882454,37.4144249440997,4de1e070d22d2a4ecdb957b3,X-Fit,"[('Gym / Fitness Center', '4bf58dd8d48988d175941735')]",55.72363885908271,37.411587770368904,"ул. Кутузова, 11, стр. 2",210,Можайский,Gym / Fitness Center,4bf58dd8d48988d175941735
"55.71103435262309,37.48503780489707",55.71103435262309,37.48503780489707,4f72974ee4b043e3bbbe0495,Всплеск,"[('Gym', '4bf58dd8d48988d176941735')]",55.71103912157442,37.486192680442144,Веерная 12/1,72,Очаково-Матвеевское,Gym,4bf58dd8d48988d176941735
"55.673410540306065,37.6789104721161",55.67341054030607,37.6789104721161,52bef9a5498e8872303203a9,СпортЛэнд,"[('Gym / Fitness Center', '4bf58dd8d48988d175941735')]",55.675810895776884,37.6823056229312,"Кленовый бул., 23 (Коломенская ул.)",341,Нагатинский Затон,Gym / Fitness Center,4bf58dd8d48988d175941735
"55.659657483008054,37.74929562327034",55.659657483008054,37.74929562327034,4ca9c4bdb0b8236a2020c0e6,Zebra Fitness,"[('Gym / Fitness Center', '4bf58dd8d48988d175941735')]",55.65929024291602,37.74855810270286,"ТЦ «БУМ» (ул. Перерва, 43, корп. 1)",61,Марьино,Gym / Fitness Center,4bf58dd8d48988d175941735
"55.65793567004727,37.75808948331751",55.65793567004727,37.75808948331751,5346406c498ede3f6155aea7,Тонус Клуб (Фитнес для женщин),"[('Gym / Fitness Center', '4bf58dd8d48988d175941735')]",55.6583756378032,37.75977623584042,"ул. Братиславская, 18, к. 1",116,Марьино,Gym / Fitness Center,4bf58dd8d48988d175941735
"55.6562132618461,37.766882390771286",55.656213261846105,37.766882390771286,4f52406be4b006151458f45b,FRESH Fitness Club,"[('Gym', '4bf58dd8d48988d176941735')]",55.6557877382253,37.76220973301305,"Братиславская ул., 22",297,Марьино,Gym,4bf58dd8d48988d176941735
"55.73150767635553,37.40378419960372",55.731507676355534,37.40378419960372,4e64cf1945ddda352a935b00,Gym,"[('Gym', '4bf58dd8d48988d176941735')]",55.733787613979864,37.40596521416007,город Москва,288,Кунцево,Gym,4bf58dd8d48988d176941735
"55.729809220076966,37.4126163434996",55.72980922007697,37.4126163434996,5832da7bfbe8ff7800619859,GYMS.MOSCOW,"[('Gym / Fitness Center', '4bf58dd8d48988d175941735')]",55.732351806209095,37.41243668372253,Ул. партизанская 10,283,Кунцево,Gym / Fitness Center,4bf58dd8d48988d175941735
"55.72300938507759,37.447935463579206",55.72300938507759,37.44793546357921,4c445c33f0bdd13a276bc9cc,N-Ergo,"[('Gym / Fitness Center', '4bf58dd8d48988d175941735')]",55.725848700397094,37.44635694629022,"Можайское ш., 2 (Рублёвское ш.), 121374",331,Можайский,Gym / Fitness Center,4bf58dd8d48988d175941735
"55.66137960717099,37.76512484361995",55.66137960717099,37.76512484361995,5413ffbd498ec124d5c8a94f,Территория фитнеса,"[('Gym / Fitness Center', '4bf58dd8d48988d175941735')]",55.66203783941178,37.76452660560608,"Перервинский бул., 4, корп. 1",82,Марьино,Gym / Fitness Center,4bf58dd8d48988d175941735
"55.65965662512199,37.773918069718825",55.659656625122,37.77391806971883,517e192ae4b08d47114849f4,"Фитнес-клуб & салон красоты ""БиоАльянс""","[('Gym', '4bf58dd8d48988d176941735')]",55.65870283927085,37.77707856424567,"г. Москва, ул. Марьинский парк, д. 9, к. 2",225,Марьино,Gym,4bf58dd8d48988d176941735
"55.729875741270334,37.43730200923721",55.72987574127034,37.437302009237214,4beeadf7d355a59348240b60,World Class,"[('Gym / Fitness Center', '4bf58dd8d48988d175941735')]",55.72826248028597,37.438367720300405,"улица Ивана Франко, д.16, 121351",191,Кунцево,Gym / Fitness Center,4bf58dd8d48988d175941735
"55.729875741270334,37.43730200923721",55.72987574127034,37.437302009237214,4d171da1b15cb1f71408b221,Атлас,"[('Gym', '4bf58dd8d48988d176941735')]",55.72868700783915,37.44042581398972,"Ивана Франко 14, город Москва",236,Кунцево,Gym,4bf58dd8d48988d176941735
"55.66482303300708,37.772161475683326",55.66482303300708,37.772161475683326,4f3e264ee4b04eeb4a16e397,Фитнес клуб Le Ton,"[('Gym / Fitness Center', '4bf58dd8d48988d175941735')]",55.6677336356063,37.77156127699777,"Верхние Поля, 43",326,Люблино,Gym / Fitness Center,4bf58dd8d48988d175941735
"55.74014008977413,37.40899813423358",55.74014008977413,37.40899813423358,53ecb211498e4d9f67ff2a78,World Class,"[('Gym / Fitness Center', '4bf58dd8d48988d175941735')]",55.73859127721825,37.411004499999926,"улица Ярцевская, д.19 (Ярцевская ул., 19), 121552",213,Кунцево,Gym / Fitness Center,4bf58dd8d48988d175941735
"55.74014008977413,37.40899813423358",55.74014008977413,37.40899813423358,4eb422698b81a81f8ff99a00,Тренажерный Зал,"[('Gym', '4bf58dd8d48988d176941735')]",55.73838411868288,37.40791653385938,"Партизанская, 31 (Ярцевская)",206,Кунцево,Gym,4bf58dd8d48988d176941735
"55.685474485362775,37.69120832067893",55.685474485362775,37.69120832067893,4ed675446da11135034d59ae,Прадна Фитнес,"[('Gym / Fitness Center', '4bf58dd8d48988d175941735')]",55.684925900972175,37.687304904601724,Судостроительная 41,252,Нагатинский Затон,Gym / Fitness Center,4bf58dd8d48988d175941735
"55.752095469455696,37.371838890225085",55.7520954694557,37.37183889022509,4eec52288b81bbbf5bd6a6c6,Теннисный Центр В Жуковке,"[('Gym', '4bf58dd8d48988d176941735')]",55.753292497109044,37.36929313512568,Россия,207,Кунцево,Gym,4bf58dd8d48988d176941735
"55.688922629484935,37.69824429400661",55.68892262948494,37.69824429400661,4e8720fe30f8e3ea6b91022a,Power Pack Gym,"[('Gym', '4bf58dd8d48988d176941735')]",55.68823171286143,37.69548042205188,город Москва,189,Нагатинский Затон,Gym,4bf58dd8d48988d176941735
"55.68204540089184,37.758091465747626",55.682045400891845,37.758091465747626,5075a3dfe4b0b3e998f6c9fd,Стрелец,"[('Gym', '4bf58dd8d48988d176941735')]",55.68019973063112,37.757694901822354,Россия,206,Люблино,Gym,4bf58dd8d48988d176941735
"55.690655691450594,37.763373724284534",55.690655691450594,37.76337372428453,4fdda494a17c802e89c44aea,Спортивная площадка в ПКиО Кузьминки,"[('Gym', '4bf58dd8d48988d176941735')]",55.69301855923647,37.76289975571552,ПКиО Кузьминки,264,Кузьминки,Gym,4bf58dd8d48988d176941735
"55.678561266881246,37.84958404693453",55.678561266881246,37.84958404693453,4f548125e4b036244c703301,"Фитнес Клуб ""Спортленд""","[('Gym', '4bf58dd8d48988d176941735')]",55.67845097240778,37.85329189739328,Ул. Генерала Кузнецова,233,Выхино-Жулебино,Gym,4bf58dd8d48988d176941735
"55.678561266881246,37.84958404693453",55.678561266881246,37.84958404693453,4ebd1eabb6341bd789129058,Спортлэнд,"[('Gym / Fitness Center', '4bf58dd8d48988d175941735')]",55.678539592116365,37.853619379531686,"БЦ «Жулебино» (Привольная ул., 70), город Москва",253,Выхино-Жулебино,Gym / Fitness Center,4bf58dd8d48988d175941735
"55.69926563688626,37.76865884679556",55.69926563688625,37.76865884679556,54971016498ed521a2bb54e6,"Фитнес клуб ""Да Винчи""","[('Gym / Fitness Center', '4bf58dd8d48988d175941735')]",55.698659262461824,37.76748386694786,"Кузьминский Парк, 109472",99,Кузьминки,Gym / Fitness Center,4bf58dd8d48988d175941735
"55.69754163434725,37.777460349280126",55.697541634347246,37.77746034928013,4c0dfaf55272d13a9d08df5b,СпортЛэнд,"[('Gym / Fitness Center', '4bf58dd8d48988d175941735')]",55.69944624318716,37.77966565943172,"Волгоградский просп., 152, корп. 1 (ул. Академика Скрябина)",253,Кузьминки,Gym / Fitness Center,4bf58dd8d48988d175941735
"55.68372817209963,37.847837954761545",55.68372817209963,37.847837954761545,4dcbd767fa76d745f05d1497,С-Лакс,"[('Gym / Fitness Center', '4bf58dd8d48988d175941735')]",55.68318341315223,37.844746993237685,"Привольная, 57/1",203,Выхино-Жулебино,Gym / Fitness Center,4bf58dd8d48988d175941735
"55.70787856945751,37.74929255345652",55.70787856945751,37.74929255345653,52937f1211d211bd17a950c0,Фитнес Лэнд,"[('Gym / Fitness Center', '4bf58dd8d48988d175941735')]",55.706653283579925,37.74755593950375,"Волжский бул., 114/а",174,Кузьминки,Gym / Fitness Center,4bf58dd8d48988d175941735
"55.70270841502862,37.77570375185875",55.70270841502862,37.77570375185875,4f870252e4b04a6adb631676,Тренажерный зал,"[('Gym', '4bf58dd8d48988d176941735')]",55.700624750560046,37.77956506454751,Есенинский бул. д.9 корп.2 стр.2 (Есенинский бул.),335,Кузьминки,Gym,4bf58dd8d48988d176941735
"55.68543584288504,37.863678927033625",55.685435842885035,37.863678927033625,4d3584da6c7c721e7381cb56,Фитнес Клуб «Леон»,"[('Gym / Fitness Center', '4bf58dd8d48988d175941735')]",55.688276315760156,37.864611616959365,"ул. Маршала Полубоярова, 9/68",321,Выхино-Жулебино,Gym / Fitness Center,4bf58dd8d48988d175941735
"55.76791150027909,37.48994583596935",55.76791150027909,37.48994583596935,4c273789f3859c74368a6588,World Class LITE,"[('Gym / Fitness Center', '4bf58dd8d48988d175941735')]",55.77006333635544,37.48982406836766,"улица Демьяна Бедного, д.4 корп. 2 (Карамышевская наб.), 123308",239,Хорошёво-Мнёвники,Gym / Fitness Center,4bf58dd8d48988d175941735
"55.77819008425127,37.46163314178177",55.77819008425127,37.461633141781775,58012a4bd67c48db6b56df10,Fit.Space,"[('Gym / Fitness Center', '4bf58dd8d48988d175941735')]",55.777547,37.465602000000004,Marshal Zhukov Avenue 48/1,258,Хорошёво-Мнёвники,Gym / Fitness Center,4bf58dd8d48988d175941735
"55.71130737454395,37.805648894427605",55.711307374543956,37.80564889442761,4dbc36e44df044e524ddccb4,WeGym,"[('Gym / Fitness Center', '4bf58dd8d48988d175941735')]",55.70999355257428,37.802865772178784,"Ферганская ул., 6, корп. 2",227,Выхино-Жулебино,Gym / Fitness Center,4bf58dd8d48988d175941735
"55.704396209576856,37.840850429044806",55.704396209576856,37.84085042904481,519389a1498e8351fe60ae96,Спортзал Cubus,"[('Gym / Fitness Center', '4bf58dd8d48988d175941735')]",55.704927246926545,37.84190528176344,"Привольная ул., 2, корп. 2, Выхино",88,Выхино-Жулебино,Gym / Fitness Center,4bf58dd8d48988d175941735
"55.79526396143676,37.397921782911006",55.79526396143676,37.39792178291101,4e46c767d4c065cb6ba425a4,Molla fitness,"[('Gym / Fitness Center', '4bf58dd8d48988d175941735')]",55.79432939463896,37.39719085534738,"Твардовского, д.12",113,Строгино,Gym / Fitness Center,4bf58dd8d48988d175941735
"55.79356465808269,37.4067687249214",55.79356465808269,37.4067687249214,52962237498e42dd673166c6,Кардио Зона NeoFit строгино,"[('Gym', '4bf58dd8d48988d176941735')]",55.79572803109145,37.40776626482876,Исаковского 33,248,Строгино,Gym,4bf58dd8d48988d176941735
"55.783356185404585,37.45983044466773",55.78335618540458,37.45983044466772,4f4dd5b1e4b0657aa5bb60d0,else club fitness & spa haute couture,"[('Gym / Fitness Center', '4bf58dd8d48988d175941735')]",55.78489616956529,37.46370614799314,Россия,297,Хорошёво-Мнёвники,Gym / Fitness Center,4bf58dd8d48988d175941735
"55.77653849772268,37.49518592696372",55.77653849772268,37.49518592696372,5829f202772592658784b3d2,Фитнес Клуб G8 на Полежаевской,"[('Gym / Fitness Center', '4bf58dd8d48988d175941735')]",55.7764657656604,37.50052789777752,"проспект Маршала Жукова, 4 строение 1",334,Хорошёво-Мнёвники,Gym / Fitness Center,4bf58dd8d48988d175941735
"55.774832572251775,37.504022421054344",55.774832572251775,37.50402242105434,5e247cf4640da4000847069e,G8,"[('Gym / Fitness Center', '4bf58dd8d48988d175941735')]",55.776683999999996,37.50008,123308,321,Хорошёво-Мнёвники,Gym / Fitness Center,4bf58dd8d48988d175941735
"55.8021285837008,37.387260570417055",55.8021285837008,37.387260570417055,53ae8849498e2838da93fffe,World Class,"[('Gym / Fitness Center', '4bf58dd8d48988d175941735')]",55.8030663,37.3895189,"улица Кулакова, д.20, корп. 1, 123592",175,Строгино,Gym / Fitness Center,4bf58dd8d48988d175941735
"55.79022521664864,37.44918488105847",55.790225216648636,37.44918488105847,4bb968a298c7ef3bc11a3202,Vitasport,"[('Gym / Fitness Center', '4bf58dd8d48988d175941735')]",55.79024421046821,37.44948063993253,"Живописная ул., 21, корп. 2",18,Хорошёво-Мнёвники,Gym / Fitness Center,4bf58dd8d48988d175941735
"55.79022521664864,37.44918488105847",55.790225216648636,37.44918488105847,521dd26a11d2a55caf53e33e,Энигма,"[('Gym / Fitness Center', '4bf58dd8d48988d175941735')]",55.7898917084481,37.45339396752167,"Живописная ул., 21, стр. 2 (ул. Паршина)",266,Хорошёво-Мнёвники,Gym / Fitness Center,4bf58dd8d48988d175941735
"55.79022521664864,37.44918488105847",55.790225216648636,37.44918488105847,5365016e498ea78a590de37f,Enigma Fitness,"[('Gym / Fitness Center', '4bf58dd8d48988d175941735')]",55.78984064465406,37.453572803320505,"Живописная, 21с1",277,Хорошёво-Мнёвники,Gym / Fitness Center,4bf58dd8d48988d175941735
"55.78681883300208,37.466868993732945",55.78681883300208,37.46686899373295,50fa938be4b03727ab2e56de,Торион,"[('Gym / Fitness Center', '4bf58dd8d48988d175941735')]",55.78682000132318,37.471558017423746,Тухачевского 32к2,293,Хорошёво-Мнёвники,Gym / Fitness Center,4bf58dd8d48988d175941735
"55.78511473831158,37.47570962450531",55.78511473831158,37.47570962450531,4f27d5b6e4b071524240f2c7,"Фитнес ""Северо-Запад""","[('Gym / Fitness Center', '4bf58dd8d48988d175941735')]",55.787421116747325,37.47732489069785,"улица Берзарина, дом 19, корпус 1",275,Хорошёво-Мнёвники,Gym / Fitness Center,4bf58dd8d48988d175941735
"55.72164147716684,37.802143033408996",55.72164147716684,37.802143033409,5818a42638fa17eb25950ee6,Y-15 fitness,"[('Gym / Fitness Center', '4bf58dd8d48988d175941735')]",55.7244780579741,37.80053761190228,"улица Юности 15, 111395",331,Вешняки,Gym / Fitness Center,4bf58dd8d48988d175941735
"55.802196800738606,37.41199545784486",55.80219680073861,37.41199545784486,4e639c241838ad3d0f4ccf89,Фитнес-клуб «Янтарь»,"[('Gym / Fitness Center', '4bf58dd8d48988d175941735')]",55.801184486228536,37.4148416519165,"ул. Маршала Катукова, 26, 123592",210,Строгино,Gym / Fitness Center,4bf58dd8d48988d175941735
"55.80566245722709,37.419034225868145",55.80566245722709,37.419034225868145,524476cc11d2245d041a1d8e,NeoFit,"[('Gym / Fitness Center', '4bf58dd8d48988d175941735')]",55.80484798719064,37.41922438707945,"ул. Исаковского, 33",91,Строгино,Gym / Fitness Center,4bf58dd8d48988d175941735
"55.7250649126461,37.833857843129024",55.725064912646104,37.833857843129024,4e37a9db22713b80b9fe861e,ФОК Вешняки,"[('Gym', '4bf58dd8d48988d176941735')]",55.72469576901607,37.83390289678519,"ул. Косинская, 12б",41,Вешняки,Gym,4bf58dd8d48988d176941735
"55.7457619306407,37.777505656975904",55.745761930640704,37.77750565697591,5005a0c3e4b069fdd863b56e,Фитнес-центр «Карибия»,"[('Gym / Fitness Center', '4bf58dd8d48988d175941735')]",55.74821273484466,37.77835792712757,"Аквапарк «Карибия» (Зеленый просп., 10б)",277,Перово,Gym / Fitness Center,4bf58dd8d48988d175941735
"55.73712807433808,37.82155304773792",55.737128074338074,37.82155304773792,502290aee4b0722ed9539396,Фитнес клуб «Ок»,"[('Gym / Fitness Center', '4bf58dd8d48988d175941735')]",55.73615684477636,37.82157447600535,"Вешняковская ул., 12 Б, стр. 1",108,Вешняки,Gym / Fitness Center,4bf58dd8d48988d175941735
"55.750929166266275,37.77574841717097",55.75092916626628,37.775748417170966,4f16ed94e4b0044a28ac6094,WeGym,"[('Gym / Fitness Center', '4bf58dd8d48988d175941735')]",55.750430119461356,37.77135888979343,"1-й пр. Перова поля, 9",280,Перово,Gym / Fitness Center,4bf58dd8d48988d175941735
"55.750929166266275,37.77574841717097",55.75092916626628,37.775748417170966,5833188a9168026ebfa51064,СОЮЗ CrossFit,"[('Gym / Fitness Center', '4bf58dd8d48988d175941735')]",55.75246313280121,37.772889497301655,Москва,247,Перово,Gym / Fitness Center,4bf58dd8d48988d175941735
"55.73883773942415,37.837416994335925",55.738837739424156,37.837416994335925,4efc7f5f5c5c533f381e87fa,Фит Лайф,"[('Gym / Fitness Center', '4bf58dd8d48988d175941735')]",55.73806125660426,37.83499971152121,Реутовская д 10,174,Вешняки,Gym / Fitness Center,4bf58dd8d48988d175941735
"55.73883773942415,37.837416994335925",55.738837739424156,37.837416994335925,50ec58f9e4b02d8f18d600f2,FitLife,"[('Gym / Fitness Center', '4bf58dd8d48988d175941735')]",55.738037989533694,37.83498362538912,Россия,176,Вешняки,Gym / Fitness Center,4bf58dd8d48988d175941735
"55.756096443031396,37.77399085720275",55.756096443031396,37.77399085720275,4d9b2c4b3f78548153e8d9d1,Бассейн Луч,"[('Gym / Fitness Center', '4bf58dd8d48988d175941735')]",55.7584802922616,37.77135609288287,"ул. 1-я Владимирская, д. 10б",312,Перово,Gym / Fitness Center,4bf58dd8d48988d175941735
"55.74400516417479,37.835668381003",55.74400516417479,37.835668381002996,58e23a92dfa6ff63a925f6fc,Ссср Реутовская,"[('Gym / Fitness Center', '4bf58dd8d48988d175941735')]",55.74234084857951,37.83482685733456,"Реутовская 3, 111539",192,Вешняки,Gym / Fitness Center,4bf58dd8d48988d175941735
"55.76126376091562,37.7722329768824",55.76126376091561,37.7722329768824,5853fbbeabf63277f1384079,Fitness Avenue,"[('Gym / Fitness Center', '4bf58dd8d48988d175941735')]",55.76265876992682,37.77260286770973,"ш. Энтузиастов, 33а (1-я Владимирская ул.)",157,Перово,Gym / Fitness Center,4bf58dd8d48988d175941735
"55.76126376091562,37.7722329768824",55.76126376091561,37.7722329768824,4f84497be4b01b06cf819bb5,"КСК ""Луч Фитнес""","[('Gym / Fitness Center', '4bf58dd8d48988d175941735')]",55.75932049148535,37.771007203613074,Россия,229,Перово,Gym / Fitness Center,4bf58dd8d48988d175941735
"55.76984290986879,37.82692055065862",55.76984290986879,37.82692055065862,4fcce9f0e4b01cbffc877488,MaxFit,"[('Gym', '4bf58dd8d48988d176941735')]",55.767881880167074,37.8306955924121,Саянская,321,Ивановское,Gym,4bf58dd8d48988d176941735
"55.76984290986879,37.82692055065862",55.76984290986879,37.82692055065862,5aad00f6f5e9d765253a623f,Concept Fit,"[('Gym / Fitness Center', '4bf58dd8d48988d175941735')]",55.7682564985369,37.83067050490345,"саянская улица, 7, 111531",293,Ивановское,Gym / Fitness Center,4bf58dd8d48988d175941735
"55.85392359218147,37.418647889867515",55.853923592181474,37.41864788986752,4f2fb2f1e4b0bd78b92317b4,Эос,"[('Gym / Fitness Center', '4bf58dd8d48988d175941735')]",55.85615691304365,37.42004531045495,"Туристская ул., 27/1",263,Северное Тушино,Gym / Fitness Center,4bf58dd8d48988d175941735
"55.78019576244162,37.79871953896194",55.780195762441615,37.79871953896194,511f50aae4b02709562cc149,Зал,"[('Gym', '4bf58dd8d48988d176941735')]",55.78163228524064,37.80100748403827,Россия,214,Ивановское,Gym,4bf58dd8d48988d176941735
"55.77501058325344,37.82517003053948",55.77501058325344,37.825170030539475,51a8dfc6498eca551e877236,X-Line Fitness,"[('Gym', '4bf58dd8d48988d176941735')]",55.777097267959995,37.82620614161953,"Ул. Челябинская, 7А",241,Ивановское,Gym,4bf58dd8d48988d176941735
"55.864256818753304,37.41502757566563",55.8642568187533,37.41502757566563,4c1a13f698f4a5934df900f6,Тренажерный Зал МАИ,"[('Gym', '4bf58dd8d48988d176941735')]",55.86402831639305,37.42058460474834,"ул. Вилиса Лациса,д.16",348,Северное Тушино,Gym,4bf58dd8d48988d176941735
"55.862554913281485,37.42388910152871",55.862554913281485,37.42388910152871,4f928498e4b0c98cdfef36f2,СДЮСШОР № 101 «Тушино»,"[('Gym', '4bf58dd8d48988d176941735')]",55.86221188829155,37.41984353759985,"ул. Вилиса Лациса, 20",255,Северное Тушино,Gym,4bf58dd8d48988d176941735
"55.8643160443024,37.4398025033242",55.8643160443024,37.4398025033242,512da172e4b0363422005b30,ПерунЪ,"[('Gym / Fitness Center', '4bf58dd8d48988d175941735')]",55.86581655976621,37.4423662958938,"ул. Свободы, 89, корп. 5",231,Северное Тушино,Gym / Fitness Center,4bf58dd8d48988d175941735
"55.814655823753455,37.770532798852386",55.81465582375346,37.77053279885239,4e0ad8911fc780c5b5c516c5,Золотой Лотос,"[('Gym / Fitness Center', '4bf58dd8d48988d175941735')]",55.816281472170836,37.76734828948975,"ул. Монтажная, д.2-а, стр.1 (2-й Иртышский проезд)",269,Гольяново,Gym / Fitness Center,4bf58dd8d48988d175941735
"55.85594047201984,37.583149078770646",55.855940472019846,37.583149078770646,56955a22498ec0e8bfcf839a,Фитнес клуб Зебра,"[('Gym / Fitness Center', '4bf58dd8d48988d175941735')]",55.85780150421701,37.58529281401537,"Алтуфьевское Шоссе, д.18а, 127562",246,Отрадное,Gym / Fitness Center,4bf58dd8d48988d175941735
"55.859394058803346,37.59021270855664",55.859394058803346,37.59021270855664,4e65c3d6d164ddd5e72b4741,"Спорткомплекс ""Отрадное""","[('Gym / Fitness Center', '4bf58dd8d48988d175941735')]",55.85772275193789,37.59392377453193,"Хачатуряна 10, город Москва",297,Отрадное,Gym / Fitness Center,4bf58dd8d48988d175941735
"55.855964628941045,37.607910134465016",55.85596462894105,37.607910134465016,4bb22848f964a5206ebe3ce3,X-Fit,"[('Gym / Fitness Center', '4bf58dd8d48988d175941735')]",55.85727844673124,37.60841257908379,"Отрадная ул., 8",149,Отрадное,Gym / Fitness Center,4bf58dd8d48988d175941735
"55.854249011183754,37.6167574087917",55.85424901118376,37.616757408791706,4c7f6314fb13a1cd0376a0a4,Фитнес Тайм,"[('Gym / Fitness Center', '4bf58dd8d48988d175941735')]",55.85491729868922,37.61410330485982,"Отрадная ул., 16, 127273",181,Отрадное,Gym / Fitness Center,4bf58dd8d48988d175941735
"55.819810500153054,37.793501177194976",55.81981050015307,37.793501177194976,4bdfcdbd0ee3a593056e35b0,"ФОК ""Атлант""","[('Gym / Fitness Center', '4bf58dd8d48988d175941735')]",55.82141025613048,37.7971443511192,Россия,289,Гольяново,Gym / Fitness Center,4bf58dd8d48988d175941735
"55.86456152236902,37.5884271458135",55.86456152236902,37.5884271458135,4f0eca02e4b0254b4e1146e7,Магнат,"[('Gym / Fitness Center', '4bf58dd8d48988d175941735')]",55.864640857088176,37.585308464160455,"Алтуфьевское ш., 28",195,Отрадное,Gym / Fitness Center,4bf58dd8d48988d175941735
"55.82323023827996,37.82530177600011",55.82323023827996,37.82530177600011,4e540df245ddffa8d1959f9d,Power,"[('Gym', '4bf58dd8d48988d176941735')]",55.82197156176883,37.82274591075824,"Алтайская 19, стр. 1а",212,Гольяново,Gym,4bf58dd8d48988d176941735
"55.82149966526061,37.83412757585728",55.82149966526061,37.83412757585728,4d012add6edfa093c50d1015,Т-Стиль,"[('Gym / Fitness Center', '4bf58dd8d48988d175941735')]",55.82065689349764,37.831929706164864,"ул. Алтайская, д. 33/7",166,Гольяново,Gym / Fitness Center,4bf58dd8d48988d175941735
"55.87489656901258,37.58485502698757",55.87489656901258,37.58485502698757,55306c5e498ef0e6a5f01182,Shark,"[('Gym / Fitness Center', '4bf58dd8d48988d175941735')]",55.8743583468236,37.587531344031966,Алтуфьевское шоссе 44,177,Отрадное,Gym / Fitness Center,4bf58dd8d48988d175941735
"55.871467289133946,37.60256019306742",55.87146728913394,37.60256019306742,4e45651baeb70e74f485c681,Соло-спорт,"[('Gym / Fitness Center', '4bf58dd8d48988d175941735')]",55.873131801991065,37.603791992778895,"Римского-Корсакова ул., 14",200,Отрадное,Gym / Fitness Center,4bf58dd8d48988d175941735
"55.86803560015322,37.62026151963368",55.86803560015322,37.62026151963368,518f735c498e2be957ae26b8,"Фитнес-центр ""Паллада""","[('Gym / Fitness Center', '4bf58dd8d48988d175941735')]",55.867937802077215,37.622908382691385,Юрловский пр-д д.13,165,Отрадное,Gym / Fitness Center,4bf58dd8d48988d175941735
"55.88868517441863,37.58835129975069",55.88868517441863,37.588351299750684,52e73c18498ecedae7c3e0a8,X-Fit,"[('Gym / Fitness Center', '4bf58dd8d48988d175941735')]",55.888880789208635,37.58971052803048,"Алтуфьевское ш., 70, корп. 2, 127549",87,Бибирево,Gym / Fitness Center,4bf58dd8d48988d175941735
"55.88868517441863,37.58835129975069",55.88868517441863,37.588351299750684,53199e2511d28bf9e4b70908,FitCurves,"[('Gym / Fitness Center', '4bf58dd8d48988d175941735')]",55.89018261321072,37.58762803244965,Алтуфьевское Шоссе 72,172,Бибирево,Gym / Fitness Center,4bf58dd8d48988d175941735
"55.88697030852537,37.59720727660486",55.88697030852537,37.597207276604856,526cccc211d288551b07f420,Fit Curves,"[('Gym', '4bf58dd8d48988d176941735')]",55.88867748373917,37.59880794774467,Пришвина,214,Бибирево,Gym,4bf58dd8d48988d176941735
"55.89213806138063,37.59542230908551",55.892138061380635,37.59542230908551,55ec5975498e7fc65f804734,Fitness Pro,"[('Gym / Fitness Center', '4bf58dd8d48988d175941735')]",55.889968019450464,37.59443517664951,"ул. Пришвина, 3г",249,Бибирево,Gym / Fitness Center,4bf58dd8d48988d175941735
"55.89213806138063,37.59542230908551",55.892138061380635,37.59542230908551,4d9cde43c540236a9fb6824b,Империя Фитнеса Алтуфьево,"[('Gym / Fitness Center', '4bf58dd8d48988d175941735')]",55.88967894891607,37.59209913118607,"ул. Пришвина, 3",343,Бибирево,Gym / Fitness Center,4bf58dd8d48988d175941735
"55.88870657153956,37.61313396423333",55.888706571539565,37.61313396423333,4e631859a80951b318ccc36a,Тиан,"[('Gym', '4bf58dd8d48988d176941735')]",55.88874254383108,37.614558935165405,Улица Плещеева 12,89,Бибирево,Gym,4bf58dd8d48988d176941735
"55.89215779024076,37.62020692732005",55.89215779024075,37.62020692732005,4eabc64e722efacf27eab42c,Училище Олимп Резерва им. Гомельского,"[('Gym / Fitness Center', '4bf58dd8d48988d175941735')]",55.89310659551775,37.621251966180274,"ул. Лескова, 25а",124,Бибирево,Gym / Fitness Center,4bf58dd8d48988d175941735
"55.89215779024076,37.62020692732005",55.89215779024075,37.62020692732005,509e2dffe4b051548dcbdf81,Fitness Pro,"[('Gym', '4bf58dd8d48988d176941735')]",55.89186293456151,37.61945679461422,"Ул. Лескова, д.32",57,Бибирево,Gym,4bf58dd8d48988d176941735
"55.89044056363954,37.62906164325423",55.89044056363954,37.629061643254225,4f269883754a4ce2ac1a071e,Platinum Fitness,"[('Gym / Fitness Center', '4bf58dd8d48988d175941735')]",55.88929738881487,37.63195395889964,"Чермянский пр., 7, 127282",220,Северное Медведково,Gym / Fitness Center,4bf58dd8d48988d175941735
"55.89904229693146,37.60956820452399",55.899042296931455,37.609568204523995,4d4fb356d7eaa143446c5f0f,Платинум-фитнес,"[('Gym', '4bf58dd8d48988d176941735')]",55.897746726177,37.61142947048319,Россия,185,Бибирево,Gym,4bf58dd8d48988d176941735
"55.88529263596411,37.680397018669225",55.885292635964106,37.680397018669225,58027d41d67c8e7eb2ede6d7,Фитнес&Spa Зебра,"[('Gym', '4bf58dd8d48988d176941735')]",55.88592211070957,37.678540081178454,"ул. Широкая, д. 30, 127224",135,Северное Медведково,Gym,4bf58dd8d48988d176941735
